{
  "1": 0.0939999967813492,
  "1.5": 0.135137432089339,
  "2": 0.166397869586945,
  "2.5": 0.192650913155325,
  "3": 0.215732470154762,
  "3.5": 0.236572651424822,
  "4": 0.255720049142838,
  "4.5": 0.273530372106572,
  "5": 0.290249884128571,
  "5.5": 0.306057381389863,
  "6": 0.321087598800659,
  "6.5": 0.335445031996451,
  "7": 0.349212676286697,
  "7.5": 0.362457736609939,
  "8": 0.375235587358475,
  "8.5": 0.387592407713878,
  "9": 0.399567276239395,
  "9.5": 0.411193553216100,
  "10": 0.422500014305115,
  "10.5": 0.432926420512509,
  "11": 0.443107545375824,
  "11.5": 0.453059948165049,
  "12": 0.462798386812210,
  "12.5": 0.472336085311278,
  "13": 0.481684952974319,
  "13.5": 0.490855807179549,
  "14": 0.499858438968658,
  "14.5": 0.508701748961600,
  "15": 0.517393946647644,
  "15.5": 0.525942516110322,
  "16": 0.534354329109192,
  "16.5": 0.542635753803599,
  "17": 0.550792694091797,
  "17.5": 0.558830584490385,
  "18": 0.566754519939423,
  "18.5": 0.574569128145370,
  "19": 0.582278907299042,
  "19.5": 0.589887907888945,
  "20": 0.597400009632111,
  "20.5": 0.604823648665171,
  "21": 0.612157285213470,
  "21.5": 0.619404107958234,
  "22": 0.626567125320435,
  "22.5": 0.633649178748576,
  "23": 0.640652954578400,
  "23.5": 0.647580971386554,
  "24": 0.654435634613037,
  "24.5": 0.661219265805859,
  "25": 0.667934000492096,
  "25.5": 0.674581885647492,
  "26": 0.681164920330048,
  "26.5": 0.687684901255373,
  "27": 0.694143652915955,
  "27.5": 0.700542901033063,
  "28": 0.706884205341339,
  "28.5": 0.713169074873823,
  "29": 0.719399094581604,
  "29.5": 0.725575586915154,
  "30": 0.731700003147125,
  "30.5": 0.734741038550429,
  "31": 0.737769484519958,
  "31.5": 0.740785579737136,
  "32": 0.743789434432983,
  "32.5": 0.746781197247765,
  "33": 0.749761044979095,
  "33.5": 0.752729099732281,
  "34": 0.755685508251190,
  "34.5": 0.758630370209851,
  "35": 0.761563837528229,
  "35.5": 0.764486049592180,
  "36": 0.767397165298462,
  "36.5": 0.770297293677362,
  "37": 0.773186504840851,
  "37.5": 0.776064947064992,
  "38": 0.778932750225067,
  "38.5": 0.781790050767666,
  "39": 0.784636974334717,
  "39.5": 0.787473608513275,
  "40": 0.790300011634827
}